patient_id,first_name,last_name,dob,gender,phone,email,insurance,is_new_patient
P001,First1,Last1,1991-02-15,Female,+911234560001,patient1@demo.com,Medicare,False
P002,First2,Last2,1992-03-15,Male,+911234560002,patient2@demo.com,Medicare,True
P003,First3,Last3,1993-04-15,Female,+911234560003,patient3@demo.com,HealthPlus,False
P004,First4,Last4,1994-05-15,Male,+911234560004,patient4@demo.com,Medicare,True
P005,First5,Last5,1995-06-15,Female,+911234560005,patient5@demo.com,Medicare,False
P006,First6,Last6,1996-07-15,Male,+911234560006,patient6@demo.com,HealthPlus,True
P007,First7,Last7,1997-08-15,Female,+911234560007,patient7@demo.com,Medicare,False
P008,First8,Last8,1998-09-15,Male,+911234560008,patient8@demo.com,Medicare,True
P009,First9,Last9,1999-01-15,Female,+911234560009,patient9@demo.com,HealthPlus,False
P010,First10,Last10,1990-02-15,Male,+911234560010,patient10@demo.com,Medicare,True
P011,First11,Last11,1991-03-15,Female,+911234560011,patient11@demo.com,Medicare,False
P012,First12,Last12,1992-04-15,Male,+911234560012,patient12@demo.com,HealthPlus,True
P013,First13,Last13,1993-05-15,Female,+911234560013,patient13@demo.com,Medicare,False
P014,First14,Last14,1994-06-15,Male,+911234560014,patient14@demo.com,Medicare,True
P015,First15,Last15,1995-07-15,Female,+911234560015,patient15@demo.com,HealthPlus,False
P016,First16,Last16,1996-08-15,Male,+911234560016,patient16@demo.com,Medicare,True
P017,First17,Last17,1997-09-15,Female,+911234560017,patient17@demo.com,Medicare,False
P018,First18,Last18,1998-01-15,Male,+911234560018,patient18@demo.com,HealthPlus,True
P019,First19,Last19,1999-02-15,Female,+911234560019,patient19@demo.com,Medicare,False
P020,First20,Last20,1990-03-15,Male,+911234560020,patient20@demo.com,Medicare,True
P021,First21,Last21,1991-04-15,Female,+911234560021,patient21@demo.com,HealthPlus,False
P022,First22,Last22,1992-05-15,Male,+911234560022,patient22@demo.com,Medicare,True
P023,First23,Last23,1993-06-15,Female,+911234560023,patient23@demo.com,Medicare,False
P024,First24,Last24,1994-07-15,Male,+911234560024,patient24@demo.com,HealthPlus,True
P025,First25,Last25,1995-08-15,Female,+911234560025,patient25@demo.com,Medicare,False
P026,First26,Last26,1996-09-15,Male,+911234560026,patient26@demo.com,Medicare,True
P027,First27,Last27,1997-01-15,Female,+911234560027,patient27@demo.com,HealthPlus,False
P028,First28,Last28,1998-02-15,Male,+911234560028,patient28@demo.com,Medicare,True
P029,First29,Last29,1999-03-15,Female,+911234560029,patient29@demo.com,Medicare,False
P030,First30,Last30,1990-04-15,Male,+911234560030,patient30@demo.com,HealthPlus,True
P031,First31,Last31,1991-05-15,Female,+911234560031,patient31@demo.com,Medicare,False
P032,First32,Last32,1992-06-15,Male,+911234560032,patient32@demo.com,Medicare,True
P033,First33,Last33,1993-07-15,Female,+911234560033,patient33@demo.com,HealthPlus,False
P034,First34,Last34,1994-08-15,Male,+911234560034,patient34@demo.com,Medicare,True
P035,First35,Last35,1995-09-15,Female,+911234560035,patient35@demo.com,Medicare,False
P036,First36,Last36,1996-01-15,Male,+911234560036,patient36@demo.com,HealthPlus,True
P037,First37,Last37,1997-02-15,Female,+911234560037,patient37@demo.com,Medicare,False
P038,First38,Last38,1998-03-15,Male,+911234560038,patient38@demo.com,Medicare,True
P039,First39,Last39,1999-04-15,Female,+911234560039,patient39@demo.com,HealthPlus,False
P040,First40,Last40,1990-05-15,Male,+911234560040,patient40@demo.com,Medicare,True
P041,First41,Last41,1991-06-15,Female,+911234560041,patient41@demo.com,Medicare,False
P042,First42,Last42,1992-07-15,Male,+911234560042,patient42@demo.com,HealthPlus,True
P043,First43,Last43,1993-08-15,Female,+911234560043,patient43@demo.com,Medicare,False
P044,First44,Last44,1994-09-15,Male,+911234560044,patient44@demo.com,Medicare,True
P045,First45,Last45,1995-01-15,Female,+911234560045,patient45@demo.com,HealthPlus,False
P046,First46,Last46,1996-02-15,Male,+911234560046,patient46@demo.com,Medicare,True
P047,First47,Last47,1997-03-15,Female,+911234560047,patient47@demo.com,Medicare,False
P048,First48,Last48,1998-04-15,Male,+911234560048,patient48@demo.com,HealthPlus,True
P049,First49,Last49,1999-05-15,Female,+911234560049,patient49@demo.com,Medicare,False
P050,First50,Last50,1990-06-15,Male,+911234560050,patient50@demo.com,Medicare,True
